{"cameraMode":{"drawMode":0,"name":"Shaded","section":"Shading Mode"},"sceneLighting":true,"audioPlay":false,"sceneViewState":{"m_AlwaysRefresh":false,"showFog":true,"showSkybox":true,"showFlares":true,"showImageEffects":true,"showParticleSystems":true,"showVisualEffectGraphs":true,"m_FxEnabled":true},"in2DMode":false,"pivot":{"x":-7.559764385223389,"y":1.863715410232544,"z":-1.7340196371078492},"rotation":{"x":-0.043275125324726108,"y":-0.9482197761535645,"z":0.28197187185287478,"w":-0.14133213460445405},"size":0.6276832818984985,"orthographic":false}