{"cameraMode":{"drawMode":0,"name":"Shaded","section":"Shading Mode"},"sceneLighting":true,"audioPlay":false,"sceneViewState":{"m_AlwaysRefresh":false,"showFog":true,"showSkybox":true,"showFlares":true,"showImageEffects":true,"showParticleSystems":true,"showVisualEffectGraphs":true,"m_FxEnabled":true},"in2DMode":false,"pivot":{"x":-9.221603393554688,"y":1.6884102821350098,"z":-2.6545753479003908},"rotation":{"x":0.08426970988512039,"y":0.5822814106941223,"z":-0.059340063482522967,"w":0.806721031665802},"size":0.6276832818984985,"orthographic":false}