{"cameraMode":{"drawMode":0,"name":"Shaded","section":"Shading Mode"},"sceneLighting":true,"audioPlay":false,"sceneViewState":{"m_AlwaysRefresh":false,"showFog":true,"showSkybox":true,"showFlares":true,"showImageEffects":true,"showParticleSystems":true,"showVisualEffectGraphs":true,"m_FxEnabled":true},"in2DMode":false,"pivot":{"x":-3.878638505935669,"y":4.635912895202637,"z":2.441222667694092},"rotation":{"x":-0.001970092300325632,"y":-0.9501750469207764,"z":0.31247055530548098,"w":-0.00231349328532815},"size":1.4373267889022828,"orthographic":false}