{"cameraMode":{"drawMode":0,"name":"Shaded","section":"Shading Mode"},"sceneLighting":true,"audioPlay":false,"sceneViewState":{"m_AlwaysRefresh":false,"showFog":true,"showSkybox":true,"showFlares":true,"showImageEffects":true,"showParticleSystems":true,"showVisualEffectGraphs":true,"m_FxEnabled":true},"in2DMode":false,"pivot":{"x":15.306522369384766,"y":0.7157626152038574,"z":-16.856197357177736},"rotation":{"x":0.016843704506754876,"y":0.9321349859237671,"z":-0.043657876551151279,"w":0.35918107628822329},"size":12.12435531616211,"orthographic":false}