{"cameraMode":{"drawMode":0,"name":"Shaded","section":"Shading Mode"},"sceneLighting":true,"audioPlay":false,"sceneViewState":{"m_AlwaysRefresh":false,"showFog":true,"showSkybox":true,"showFlares":true,"showImageEffects":true,"showParticleSystems":true,"showVisualEffectGraphs":true,"m_FxEnabled":true},"in2DMode":false,"pivot":{"x":2.7020931243896486,"y":-3.5584115982055666,"z":15.671772003173829},"rotation":{"x":0.1624537706375122,"y":0.08633846789598465,"z":-0.014297990128397942,"w":0.9828487038612366},"size":10.198172569274903,"orthographic":false}