{"cameraMode":{"drawMode":0,"name":"Shaded","section":"Shading Mode"},"sceneLighting":false,"audioPlay":false,"sceneViewState":{"m_AlwaysRefresh":false,"showFog":true,"showSkybox":false,"showFlares":true,"showImageEffects":true,"showParticleSystems":true,"showVisualEffectGraphs":true,"m_FxEnabled":true},"in2DMode":false,"pivot":{"x":1152.7113037109375,"y":786.7401123046875,"z":-3.859922170639038},"rotation":{"x":-0.020669732242822648,"y":0.04378712922334671,"z":0.0008947061724029481,"w":0.9988371729850769},"size":113.92151641845703,"orthographic":false}